USER_ID1,10.113.133.49
USER_ID2,10.113.133.50
USER_ID3,10.113.133.51
USER_ID4,10.113.133.52
USER_ID5,10.113.133.53
USER_ID6,10.113.133.54
USER_ID7,10.113.133.55
USER_ID8,10.113.133.56
USER_ID9,10.113.133.57
USER_ID10,10.113.133.58
USER_ID11,10.113.133.59
USER_ID12,10.113.133.60
USER_ID13,10.113.133.61
USER_ID14,10.113.133.62
USER_ID15,10.113.133.65
USER_ID16,10.113.133.66
USER_ID17,10.113.133.67
USER_ID18,10.113.133.68
USER_ID19,10.113.133.69
USER_ID20,10.113.133.70
USER_ID21,10.113.133.49
USER_ID22,10.113.133.50
USER_ID23,10.113.133.51
USER_ID24,10.113.133.52
USER_ID25,10.113.133.53
USER_ID26,10.113.133.54
USER_ID27,10.113.133.55
USER_ID28,10.113.133.56
USER_ID29,10.113.133.57
USER_ID30,10.113.133.58
USER_ID31,10.113.133.59
USER_ID32,10.113.133.60
USER_ID33,10.113.133.61
USER_ID34,10.113.133.62
USER_ID35,10.113.133.65
USER_ID36,10.113.133.66
USER_ID37,10.113.133.67
USER_ID38,10.113.133.68
USER_ID39,10.113.133.69
USER_ID40,10.113.133.70
USER_ID41,10.113.133.49
USER_ID42,10.113.133.50
USER_ID43,10.113.133.51
USER_ID44,10.113.133.52
USER_ID45,10.113.133.53
USER_ID46,10.113.133.54
USER_ID47,10.113.133.55
USER_ID48,10.113.133.56
USER_ID49,10.113.133.57
USER_ID50,10.113.133.58
